{"PREVALENCE_BY_GENDER_AGE_YEAR":{"TRELLIS_NAME":["20-29","20-29","10-19","40-49","60-69","70-79","0-9","10-19","50-59","30-39","50-59","30-39","0-9","40-49"],"SERIES_NAME":["FEMALE","MALE","MALE","FEMALE","FEMALE","MALE","MALE","FEMALE","MALE","FEMALE","FEMALE","MALE","FEMALE","MALE"],"X_CALENDAR_YEAR":[2019,2019,2019,2019,2019,2019,2019,2019,2019,2019,2019,2019,2019,2019],"Y_PREVALENCE_1000PP":[1.83181,1.17964,2.74977,1.14204,2.47336,1.51889,3.12082,1.96764,1.907,1.95376,1.88324,1.52517,2.52419,2.34021]},"PREVALENCE_BY_MONTH":{"X_CALENDAR_MONTH":[201901,201902,201903,201904,201905,201906,201907,201908,201909,201910,201911,201912],"Y_PREVALENCE_1000PP":[0.22,0.08,0.14,0.18,0.13,0.09,0.16,0.16,0.17,0.15,0.17,0.13]},"CONDITIONS_BY_TYPE":{"CONCEPT_NAME":"Claim","COUNT_VALUE":298},"AGE_AT_FIRST_DIAGNOSIS":{"CATEGORY":["FEMALE","MALE"],"MIN_VALUE":[0,0],"P10_VALUE":[7,6],"P25_VALUE":[22,14],"MEDIAN_VALUE":[39,40],"P75_VALUE":[60,53],"P90_VALUE":[70,74],"MAX_VALUE":[97,97]}}
