{"PREVALENCE_BY_GENDER_AGE_YEAR":{"TRELLIS_NAME":["10-19","60-69","50-59","20-29","0-9","50-59","0-9","30-39","70-79","40-49","40-49","60-69","20-29"],"SERIES_NAME":["MALE","MALE","MALE","FEMALE","MALE","FEMALE","FEMALE","FEMALE","MALE","FEMALE","MALE","FEMALE","MALE"],"X_CALENDAR_YEAR":[2019,2019,2019,2019,2019,2019,2019,2019,2019,2019,2019,2019,2019],"Y_PREVALENCE_1000PP":[2.06233,2.5,2.05369,2.16486,1.78333,1.73837,1.68279,1.95376,2.27834,2.99786,1.1701,2.09285,1.51668]},"PREVALENCE_BY_MONTH":{"X_CALENDAR_MONTH":[201901,201902,201903,201904,201905,201906,201907,201908,201909,201910,201911,201912],"Y_PREVALENCE_1000PP":[0.26,0.18,0.11,0.19,0.13,0.12,0.13,0.11,0.11,0.19,0.13,0.11]},"CONDITIONS_BY_TYPE":{"CONCEPT_NAME":"Claim","COUNT_VALUE":310},"AGE_AT_FIRST_DIAGNOSIS":{"CATEGORY":["FEMALE","MALE"],"MIN_VALUE":[0,1],"P10_VALUE":[16,10],"P25_VALUE":[29,22],"MEDIAN_VALUE":[45,52],"P75_VALUE":[60,68],"P90_VALUE":[74,78],"MAX_VALUE":[99,99]}}
