{"PREVALENCE_BY_GENDER_AGE_YEAR":{"TRELLIS_NAME":["20-29","50-59","20-29","40-49","0-9","10-19","0-9","10-19","50-59","30-39","40-49"],"SERIES_NAME":["MALE","MALE","FEMALE","MALE","MALE","MALE","FEMALE","FEMALE","FEMALE","FEMALE","FEMALE"],"X_CALENDAR_YEAR":[2019,2019,2019,2019,2019,2019,2019,2019,2019,2019,2019],"Y_PREVALENCE_1000PP":[1.51668,1.907,0.99917,1.1701,1.78333,2.29148,1.68279,1.96764,1.15892,1.46532,1.71306]},"PREVALENCE_BY_MONTH":{"X_CALENDAR_MONTH":[201901,201902,201903,201904,201905,201906,201907,201908,201909,201910,201911,201912],"Y_PREVALENCE_1000PP":[0.14,0.13,0.07,0.1,0.07,0.09,0.16,0.11,0.07,0.19,0.12,0.08]},"CONDITIONS_BY_TYPE":{"CONCEPT_NAME":"Claim","COUNT_VALUE":229},"AGE_AT_FIRST_DIAGNOSIS":{"CATEGORY":["MALE","FEMALE"],"MIN_VALUE":[0,0],"P10_VALUE":[6,6],"P25_VALUE":[19,19],"MEDIAN_VALUE":[43,39],"P75_VALUE":[59,53],"P90_VALUE":[77,74],"MAX_VALUE":[97,99]}}
