{"PREVALENCE_BY_GENDER_AGE_YEAR":{"TRELLIS_NAME":["50-59","20-29","30-39","40-49","70-79","30-39","40-49","70-79","60-69","50-59"],"SERIES_NAME":["FEMALE","MALE","MALE","FEMALE","FEMALE","FEMALE","MALE","MALE","MALE","MALE"],"X_CALENDAR_YEAR":[2019,2019,2019,2019,2019,2019,2019,2019,2019,2019],"Y_PREVALENCE_1000PP":[1.73837,1.01112,1.18624,0.99929,1.29726,1.30251,1.90142,1.32903,1.15385,1.32023]},"PREVALENCE_BY_MONTH":{"X_CALENDAR_MONTH":[201901,201902,201903,201904,201905,201906,201907,201908,201910,201911,201912],"Y_PREVALENCE_1000PP":[0.13,0.06,0.07,0.17,0.06,0.07,0.16,0.07,0.06,0.08,0.1]},"CONDITIONS_BY_TYPE":{"CONCEPT_NAME":"Claim","COUNT_VALUE":190},"AGE_AT_FIRST_DIAGNOSIS":{"CATEGORY":["FEMALE","MALE"],"MIN_VALUE":[4,1],"P10_VALUE":[14,21],"P25_VALUE":[32,33],"MEDIAN_VALUE":[47,47],"P75_VALUE":[59,64],"P90_VALUE":[77,77],"MAX_VALUE":[92,82]}}
