{"PREVALENCE_BY_GENDER_AGE_YEAR":{"TRELLIS_NAME":["60-69","40-49","0-9"],"SERIES_NAME":["FEMALE","MALE","MALE"],"X_CALENDAR_YEAR":[2019,2019,2019],"Y_PREVALENCE_1000PP":[1.33181,0.87758,1.78333]},"PREVALENCE_BY_MONTH":{"X_CALENDAR_MONTH":[201901,201906,201907,201908,201910,201911,201912],"Y_PREVALENCE_1000PP":[0.06,0.09,0.06,0.08,0.11,0.06,0.06]},"CONDITIONS_BY_TYPE":{"CONCEPT_NAME":"Claim","COUNT_VALUE":105},"AGE_AT_FIRST_DIAGNOSIS":{"CATEGORY":["FEMALE","MALE"],"MIN_VALUE":[1,1],"P10_VALUE":[9,5],"P25_VALUE":[26,18],"MEDIAN_VALUE":[47,33],"P75_VALUE":[62,56],"P90_VALUE":[79,72],"MAX_VALUE":[93,81]}}
