{"PREVALENCE_BY_GENDER_AGE_YEAR":{"TRELLIS_NAME":["20-29","40-49","60-69","50-59","40-49","50-59","70-79","70-79","30-39"],"SERIES_NAME":["FEMALE","FEMALE","FEMALE","MALE","MALE","FEMALE","FEMALE","MALE","FEMALE"],"X_CALENDAR_YEAR":[2019,2019,2019,2019,2019,2019,2019,2019,2019],"Y_PREVALENCE_1000PP":[1.1657,1.2848,1.52207,1.17354,0.87758,1.15892,1.11193,1.51889,1.30251]},"PREVALENCE_BY_MONTH":{"X_CALENDAR_MONTH":[201901,201903,201904,201905,201906,201907,201908,201909,201910,201911],"Y_PREVALENCE_1000PP":[0.09,0.11,0.08,0.07,0.09,0.12,0.07,0.09,0.13,0.1]},"CONDITIONS_BY_TYPE":{"CONCEPT_NAME":"Claim","COUNT_VALUE":168},"AGE_AT_FIRST_DIAGNOSIS":{"CATEGORY":["FEMALE","MALE"],"MIN_VALUE":[0,1],"P10_VALUE":[23,6],"P25_VALUE":[33,25],"MEDIAN_VALUE":[45,49],"P75_VALUE":[61,69],"P90_VALUE":[72,79],"MAX_VALUE":[98,95]}}
