{"PREVALENCE_BY_GENDER_AGE_YEAR":{"TRELLIS_NAME":["40-49","20-29"],"SERIES_NAME":["FEMALE","FEMALE"],"X_CALENDAR_YEAR":[2019,2019],"Y_PREVALENCE_1000PP":[0.85653,1.1657]},"PREVALENCE_BY_MONTH":{"X_CALENDAR_MONTH":[201901,201904,201907,201910],"Y_PREVALENCE_1000PP":[0.07,0.07,0.07,0.06]},"CONDITIONS_BY_TYPE":{"CONCEPT_NAME":"Claim","COUNT_VALUE":95},"AGE_AT_FIRST_DIAGNOSIS":{"CATEGORY":["MALE","FEMALE"],"MIN_VALUE":[10,4],"P10_VALUE":[12,9],"P25_VALUE":[30,23],"MEDIAN_VALUE":[44,42],"P75_VALUE":[55,63],"P90_VALUE":[82,76],"MAX_VALUE":[85,95]}}
