{"PREVALENCE_BY_GENDER_AGE_YEAR":{"TRELLIS_NAME":["60-69","20-29","50-59","10-19","30-39","70-79","20-29","50-59","40-49","30-39","70-79","0-9","40-49"],"SERIES_NAME":["FEMALE","MALE","FEMALE","FEMALE","FEMALE","FEMALE","FEMALE","MALE","FEMALE","MALE","MALE","FEMALE","MALE"],"X_CALENDAR_YEAR":[2019,2019,2019,2019,2019,2019,2019,2019,2019,2019,2019,2019,2019],"Y_PREVALENCE_1000PP":[1.71233,1.01112,1.59351,2.18627,1.62813,1.6679,1.99833,1.02684,0.99929,2.20302,1.51889,1.47244,1.31637]},"PREVALENCE_BY_MONTH":{"X_CALENDAR_MONTH":[201901,201902,201903,201904,201905,201907,201908,201909,201910,201911,201912],"Y_PREVALENCE_1000PP":[0.17,0.08,0.1,0.13,0.14,0.17,0.12,0.11,0.14,0.14,0.14]},"CONDITIONS_BY_TYPE":{"CONCEPT_NAME":"Claim","COUNT_VALUE":253},"AGE_AT_FIRST_DIAGNOSIS":{"CATEGORY":["MALE","FEMALE"],"MIN_VALUE":[0,3],"P10_VALUE":[16,12],"P25_VALUE":[31,21],"MEDIAN_VALUE":[44,47],"P75_VALUE":[62,68],"P90_VALUE":[78,86],"MAX_VALUE":[95,99]}}
