{"PREVALENCE_BY_GENDER_AGE_YEAR":{"TRELLIS_NAME":["60-69","30-39","50-59","20-29","40-49","0-9","20-29","40-49","70-79","60-69","0-9","50-59","10-19","70-79","10-19"],"SERIES_NAME":["MALE","FEMALE","MALE","MALE","FEMALE","FEMALE","FEMALE","MALE","FEMALE","FEMALE","MALE","FEMALE","FEMALE","MALE","MALE"],"X_CALENDAR_YEAR":[2019,2019,2019,2019,2019,2019,2019,2019,2019,2019,2019,2019,2019,2019,2019],"Y_PREVALENCE_1000PP":[2.88462,2.4422,2.64046,3.20189,1.99857,2.31384,1.83181,2.19394,2.40919,1.52207,2.45207,1.88324,2.4049,1.89861,2.74977]},"PREVALENCE_BY_MONTH":{"X_CALENDAR_MONTH":[201901,201902,201903,201904,201905,201906,201907,201908,201909,201910,201911,201912],"Y_PREVALENCE_1000PP":[0.28,0.18,0.19,0.19,0.18,0.15,0.23,0.21,0.16,0.21,0.1,0.13]},"CONDITIONS_BY_TYPE":{"CONCEPT_NAME":"Claim","COUNT_VALUE":372},"AGE_AT_FIRST_DIAGNOSIS":{"CATEGORY":["No matching concept","MALE","FEMALE"],"MIN_VALUE":[5,0,0],"P10_VALUE":[5,8,7],"P25_VALUE":[22,23,23],"MEDIAN_VALUE":[47,47,42],"P75_VALUE":[62,63,62],"P90_VALUE":[93,75,77],"MAX_VALUE":[93,99,98]}}
