{"PREVALENCE_BY_GENDER_AGE_YEAR":{"TRELLIS_NAME":["50-59","30-39","40-49","20-29","40-49","50-59","70-79","60-69"],"SERIES_NAME":["MALE","FEMALE","FEMALE","MALE","MALE","FEMALE","MALE","FEMALE"],"X_CALENDAR_YEAR":[2019,2019,2019,2019,2019,2019,2019,2019],"Y_PREVALENCE_1000PP":[1.17354,0.97688,1.2848,1.34816,0.87758,1.30378,1.13917,1.52207]},"PREVALENCE_BY_MONTH":{"X_CALENDAR_MONTH":[201901,201903,201904,201905,201906,201907,201910,201911,201912],"Y_PREVALENCE_1000PP":[0.08,0.09,0.1,0.1,0.13,0.07,0.07,0.08,0.1]},"CONDITIONS_BY_TYPE":{"CONCEPT_NAME":"Claim","COUNT_VALUE":171},"AGE_AT_FIRST_DIAGNOSIS":{"CATEGORY":["FEMALE","MALE"],"MIN_VALUE":[3,9],"P10_VALUE":[17,15],"P25_VALUE":[30,24],"MEDIAN_VALUE":[48,48],"P75_VALUE":[62,64],"P90_VALUE":[71,78],"MAX_VALUE":[91,99]}}
