{"PREVALENCE_BY_GENDER_AGE_YEAR":{"TRELLIS_NAME":["50-59","0-9","70-79","30-39","50-59","40-49","60-69","30-39","20-29","10-19","0-9","70-79","40-49","60-69","20-29"],"SERIES_NAME":["MALE","FEMALE","MALE","FEMALE","FEMALE","FEMALE","FEMALE","MALE","FEMALE","MALE","MALE","FEMALE","MALE","MALE","MALE"],"X_CALENDAR_YEAR":[2019,2019,2019,2019,2019,2019,2019,2019,2019,2019,2019,2019,2019,2019,2019],"Y_PREVALENCE_1000PP":[1.46692,1.68279,1.32903,2.11657,1.15892,1.71306,1.33181,1.18624,0.99917,1.83318,1.33749,1.48258,1.31637,1.15385,1.34816]},"PREVALENCE_BY_MONTH":{"X_CALENDAR_MONTH":[201901,201902,201903,201904,201906,201907,201908,201909,201910,201911,201912],"Y_PREVALENCE_1000PP":[0.17,0.11,0.09,0.11,0.11,0.17,0.09,0.12,0.12,0.09,0.12]},"CONDITIONS_BY_TYPE":{"CONCEPT_NAME":"Claim","COUNT_VALUE":224},"AGE_AT_FIRST_DIAGNOSIS":{"CATEGORY":["MALE","FEMALE"],"MIN_VALUE":[0,2],"P10_VALUE":[10,9],"P25_VALUE":[22,28],"MEDIAN_VALUE":[43,43],"P75_VALUE":[58,62],"P90_VALUE":[71,77],"MAX_VALUE":[78,96]}}
