{"PREVALENCE_BY_GENDER_AGE_YEAR":{"TRELLIS_NAME":["30-39","50-59","60-69"],"SERIES_NAME":["FEMALE","FEMALE","FEMALE"],"X_CALENDAR_YEAR":[2019,2019,2019],"Y_PREVALENCE_1000PP":[1.13969,0.86919,1.33181]},"PREVALENCE_BY_MONTH":{"X_CALENDAR_MONTH":[201901,201903,201904],"Y_PREVALENCE_1000PP":[0.07,0.06,0.08]},"CONDITIONS_BY_TYPE":{"CONCEPT_NAME":"Claim","COUNT_VALUE":105},"AGE_AT_FIRST_DIAGNOSIS":{"CATEGORY":["MALE","FEMALE"],"MIN_VALUE":[3,1],"P10_VALUE":[9,17],"P25_VALUE":[22,27],"MEDIAN_VALUE":[34,42],"P75_VALUE":[71,62],"P90_VALUE":[76,68],"MAX_VALUE":[83,78]}}
