{"PREVALENCE_BY_GENDER_AGE_YEAR":{"TRELLIS_NAME":["40-49","0-9","60-69","40-49","70-79","50-59","0-9","20-29","30-39","30-39","10-19","70-79","20-29","50-59"],"SERIES_NAME":["FEMALE","MALE","MALE","MALE","MALE","FEMALE","FEMALE","MALE","MALE","FEMALE","MALE","FEMALE","FEMALE","MALE"],"X_CALENDAR_YEAR":[2019,2019,2019,2019,2019,2019,2019,2019,2019,2019,2019,2019,2019,2019],"Y_PREVALENCE_1000PP":[1.71306,2.00624,2.11538,1.1701,2.84792,2.89729,2.52419,2.02224,1.86409,3.25627,2.52062,1.85322,2.16486,1.907]},"PREVALENCE_BY_MONTH":{"X_CALENDAR_MONTH":[201901,201902,201903,201904,201905,201906,201907,201908,201909,201910,201911,201912],"Y_PREVALENCE_1000PP":[0.23,0.13,0.13,0.17,0.14,0.15,0.15,0.17,0.2,0.24,0.14,0.1]},"CONDITIONS_BY_TYPE":{"CONCEPT_NAME":"Claim","COUNT_VALUE":311},"AGE_AT_FIRST_DIAGNOSIS":{"CATEGORY":["FEMALE","MALE"],"MIN_VALUE":[0,2],"P10_VALUE":[4,13],"P25_VALUE":[29,23],"MEDIAN_VALUE":[41,41],"P75_VALUE":[57,66],"P90_VALUE":[77,76],"MAX_VALUE":[99,94]}}
