{"PREVALENCE_BY_GENDER_AGE_YEAR":{"TRELLIS_NAME":["30-39","50-59","40-49","0-9","50-59","60-69","20-29","40-49","60-69","10-19","70-79","30-39","0-9","70-79","20-29"],"SERIES_NAME":["MALE","FEMALE","FEMALE","MALE","MALE","FEMALE","MALE","MALE","MALE","FEMALE","FEMALE","FEMALE","FEMALE","MALE","FEMALE"],"X_CALENDAR_YEAR":[2019,2019,2019,2019,2019,2019,2019,2019,2019,2019,2019,2019,2019,2019,2019],"Y_PREVALENCE_1000PP":[2.37248,2.60756,2.14133,2.45207,2.78715,2.66362,2.02224,2.48647,1.73077,1.31176,2.22387,2.11657,2.94489,3.22764,3.49709]},"PREVALENCE_BY_MONTH":{"X_CALENDAR_MONTH":[201901,201902,201903,201904,201905,201906,201907,201908,201909,201910,201911,201912],"Y_PREVALENCE_1000PP":[0.22,0.2,0.12,0.22,0.29,0.13,0.22,0.21,0.17,0.24,0.25,0.19]},"CONDITIONS_BY_TYPE":{"CONCEPT_NAME":"Claim","COUNT_VALUE":442},"AGE_AT_FIRST_DIAGNOSIS":{"CATEGORY":["No matching concept","MALE","FEMALE"],"MIN_VALUE":[25,0,0],"P10_VALUE":[28,12,8],"P25_VALUE":[30,28,24],"MEDIAN_VALUE":[41,46,45],"P75_VALUE":[48,63,64],"P90_VALUE":[49,77,77],"MAX_VALUE":[81,98,99]}}
