{"PREVALENCE_BY_GENDER_AGE_YEAR":{"TRELLIS_NAME":["0-9","70-79"],"SERIES_NAME":["MALE","MALE"],"X_CALENDAR_YEAR":[2019,2019],"Y_PREVALENCE_1000PP":[1.33749,1.13917]},"PREVALENCE_BY_MONTH":{"X_CALENDAR_MONTH":[201904,201905,201907,201909,201912],"Y_PREVALENCE_1000PP":[0.09,0.08,0.06,0.06,0.06]},"CONDITIONS_BY_TYPE":{"CONCEPT_NAME":"Claim","COUNT_VALUE":109},"AGE_AT_FIRST_DIAGNOSIS":{"CATEGORY":["MALE","FEMALE"],"MIN_VALUE":[0,2],"P10_VALUE":[4,11],"P25_VALUE":[31,28],"MEDIAN_VALUE":[46,48],"P75_VALUE":[70,66],"P90_VALUE":[88,79],"MAX_VALUE":[99,93]}}
