{"PREVALENCE_BY_GENDER_AGE_YEAR":{"TRELLIS_NAME":["60-69","40-49","0-9","70-79","40-49","30-39","0-9","50-59","30-39","20-29","10-19","50-59"],"SERIES_NAME":["MALE","MALE","FEMALE","FEMALE","FEMALE","FEMALE","MALE","MALE","MALE","FEMALE","MALE","FEMALE"],"X_CALENDAR_YEAR":[2019,2019,2019,2019,2019,2019,2019,2019,2019,2019,2019,2019],"Y_PREVALENCE_1000PP":[1.15385,0.87758,1.89314,1.6679,2.14133,1.62813,1.56041,1.17354,1.52517,1.33222,1.37489,1.15892]},"PREVALENCE_BY_MONTH":{"X_CALENDAR_MONTH":[201901,201902,201904,201905,201906,201907,201908,201909,201910,201911,201912],"Y_PREVALENCE_1000PP":[0.14,0.09,0.08,0.18,0.09,0.15,0.06,0.07,0.18,0.07,0.14]},"CONDITIONS_BY_TYPE":{"CONCEPT_NAME":"Claim","COUNT_VALUE":207},"AGE_AT_FIRST_DIAGNOSIS":{"CATEGORY":["FEMALE","MALE"],"MIN_VALUE":[1,1],"P10_VALUE":[7,5],"P25_VALUE":[25,16],"MEDIAN_VALUE":[42,37],"P75_VALUE":[65,58],"P90_VALUE":[80,69],"MAX_VALUE":[98,79]}}
