{"PREVALENCE_BY_GENDER_AGE_YEAR":{"TRELLIS_NAME":[],"SERIES_NAME":[],"X_CALENDAR_YEAR":[],"Y_PREVALENCE_1000PP":[]},"PREVALENCE_BY_MONTH":{"X_CALENDAR_MONTH":[201902,201903,201906,201907,201908],"Y_PREVALENCE_1000PP":[0.07,0.07,0.08,0.06,0.07]},"CONDITIONS_BY_TYPE":{"CONCEPT_NAME":"Claim","COUNT_VALUE":79},"AGE_AT_FIRST_DIAGNOSIS":{"CATEGORY":["MALE","FEMALE"],"MIN_VALUE":[1,2],"P10_VALUE":[21,4],"P25_VALUE":[27,22],"MEDIAN_VALUE":[55,39],"P75_VALUE":[69,69],"P90_VALUE":[78,82],"MAX_VALUE":[84,88]}}
