{"PREVALENCE_BY_GENDER_AGE_YEAR":{"TRELLIS_NAME":["0-9","50-59","70-79","30-39","20-29","40-49","20-29","10-19","60-69","50-59","40-49","30-39"],"SERIES_NAME":["MALE","FEMALE","FEMALE","MALE","FEMALE","MALE","MALE","MALE","MALE","MALE","FEMALE","FEMALE"],"X_CALENDAR_YEAR":[2019,2019,2019,2019,2019,2019,2019,2019,2019,2019,2019,2019],"Y_PREVALENCE_1000PP":[2.22916,1.01405,1.48258,1.52517,0.99917,1.31637,1.6852,2.06233,1.73077,1.61361,1.57031,1.13969]},"PREVALENCE_BY_MONTH":{"X_CALENDAR_MONTH":[201901,201903,201904,201905,201907,201908,201909,201910,201911,201912],"Y_PREVALENCE_1000PP":[0.16,0.1,0.17,0.14,0.11,0.14,0.08,0.18,0.09,0.07]},"CONDITIONS_BY_TYPE":{"CONCEPT_NAME":"Claim","COUNT_VALUE":236},"AGE_AT_FIRST_DIAGNOSIS":{"CATEGORY":["MALE","FEMALE"],"MIN_VALUE":[0,0],"P10_VALUE":[8,15],"P25_VALUE":[17,29],"MEDIAN_VALUE":[39,44],"P75_VALUE":[56,68],"P90_VALUE":[76,76],"MAX_VALUE":[96,95]}}
