{"PREVALENCE_BY_GENDER_AGE_YEAR":{"TRELLIS_NAME":["0-9","50-59"],"SERIES_NAME":["MALE","MALE"],"X_CALENDAR_YEAR":[2019,2019],"Y_PREVALENCE_1000PP":[1.33749,1.46692]},"PREVALENCE_BY_MONTH":{"X_CALENDAR_MONTH":[201904,201905,201907,201910,201911],"Y_PREVALENCE_1000PP":[0.07,0.06,0.09,0.08,0.06]},"CONDITIONS_BY_TYPE":{"CONCEPT_NAME":"Claim","COUNT_VALUE":103},"AGE_AT_FIRST_DIAGNOSIS":{"CATEGORY":["MALE","FEMALE"],"MIN_VALUE":[1,1],"P10_VALUE":[5,2],"P25_VALUE":[20,20],"MEDIAN_VALUE":[52,40],"P75_VALUE":[60,54],"P90_VALUE":[71,71],"MAX_VALUE":[93,77]}}
