{"PREVALENCE_BY_GENDER_AGE_YEAR":{"TRELLIS_NAME":"50-59","SERIES_NAME":"MALE","X_CALENDAR_YEAR":2019,"Y_PREVALENCE_1000PP":0.88015},"PREVALENCE_BY_MONTH":{"X_CALENDAR_MONTH":[201903,201909,201910,201911],"Y_PREVALENCE_1000PP":[0.09,0.07,0.06,0.07]},"CONDITIONS_BY_TYPE":{"CONCEPT_NAME":"Claim","COUNT_VALUE":89},"AGE_AT_FIRST_DIAGNOSIS":{"CATEGORY":["MALE","FEMALE"],"MIN_VALUE":[0,0],"P10_VALUE":[2,9],"P25_VALUE":[33,11],"MEDIAN_VALUE":[51,40],"P75_VALUE":[63,56],"P90_VALUE":[73,75],"MAX_VALUE":[97,92]}}
