{"PREVALENCE_BY_GENDER_AGE_YEAR":{"TRELLIS_NAME":["60-69","10-19","50-59"],"SERIES_NAME":["FEMALE","FEMALE","FEMALE"],"X_CALENDAR_YEAR":[2019,2019,2019],"Y_PREVALENCE_1000PP":[1.14155,1.31176,1.15892]},"PREVALENCE_BY_MONTH":{"X_CALENDAR_MONTH":[201904,201910,201912],"Y_PREVALENCE_1000PP":[0.08,0.08,0.07]},"CONDITIONS_BY_TYPE":{"CONCEPT_NAME":"Claim","COUNT_VALUE":103},"AGE_AT_FIRST_DIAGNOSIS":{"CATEGORY":["MALE","FEMALE"],"MIN_VALUE":[3,1],"P10_VALUE":[7,10],"P25_VALUE":[22,20],"MEDIAN_VALUE":[47,46],"P75_VALUE":[66,60],"P90_VALUE":[79,74],"MAX_VALUE":[94,79]}}
