{"PREVALENCE_BY_GENDER_AGE_YEAR":{"TRELLIS_NAME":["0-9","40-49","50-59"],"SERIES_NAME":["MALE","FEMALE","FEMALE"],"X_CALENDAR_YEAR":[2019,2019,2019],"Y_PREVALENCE_1000PP":[1.56041,1.42755,1.30378]},"PREVALENCE_BY_MONTH":{"X_CALENDAR_MONTH":[201904,201905,201907,201908,201909,201910,201911],"Y_PREVALENCE_1000PP":[0.1,0.06,0.08,0.08,0.07,0.07,0.07]},"CONDITIONS_BY_TYPE":{"CONCEPT_NAME":"Claim","COUNT_VALUE":134},"AGE_AT_FIRST_DIAGNOSIS":{"CATEGORY":["FEMALE","MALE"],"MIN_VALUE":[1,2],"P10_VALUE":[7,5],"P25_VALUE":[24,22],"MEDIAN_VALUE":[46,50],"P75_VALUE":[56,70],"P90_VALUE":[67,83],"MAX_VALUE":[71,96]}}
