{"PREVALENCE_BY_GENDER_AGE_YEAR":{"TRELLIS_NAME":["70-79","20-29","0-9"],"SERIES_NAME":["FEMALE","FEMALE","MALE"],"X_CALENDAR_YEAR":[2019,2019,2019],"Y_PREVALENCE_1000PP":[1.85322,1.33222,1.33749]},"PREVALENCE_BY_MONTH":{"X_CALENDAR_MONTH":[201901,201902,201903,201904,201905,201907,201908,201910,201911],"Y_PREVALENCE_1000PP":[0.07,0.06,0.08,0.06,0.06,0.07,0.07,0.1,0.08]},"CONDITIONS_BY_TYPE":{"CONCEPT_NAME":"Claim","COUNT_VALUE":124},"AGE_AT_FIRST_DIAGNOSIS":{"CATEGORY":["MALE","FEMALE"],"MIN_VALUE":[1,2],"P10_VALUE":[6,16],"P25_VALUE":[26,25],"MEDIAN_VALUE":[47,40],"P75_VALUE":[64,73],"P90_VALUE":[70,78],"MAX_VALUE":[83,96]}}
