{"PREVALENCE_BY_GENDER_AGE_YEAR":{"TRELLIS_NAME":["40-49","30-39","10-19","30-39","50-59","70-79","50-59","20-29","60-69","10-19","40-49","70-79","20-29"],"SERIES_NAME":["MALE","FEMALE","FEMALE","MALE","MALE","MALE","FEMALE","MALE","MALE","MALE","FEMALE","FEMALE","FEMALE"],"X_CALENDAR_YEAR":[2019,2019,2019,2019,2019,2019,2019,2019,2019,2019,2019,2019,2019],"Y_PREVALENCE_1000PP":[1.31637,1.46532,1.96764,1.69463,1.46692,1.13917,2.60756,2.69633,1.73077,1.60403,1.57031,1.29726,1.83181]},"PREVALENCE_BY_MONTH":{"X_CALENDAR_MONTH":[201901,201902,201903,201904,201905,201906,201907,201908,201909,201910,201911,201912],"Y_PREVALENCE_1000PP":[0.09,0.15,0.17,0.12,0.14,0.12,0.08,0.18,0.11,0.18,0.1,0.11]},"CONDITIONS_BY_TYPE":{"CONCEPT_NAME":"Claim","COUNT_VALUE":261},"AGE_AT_FIRST_DIAGNOSIS":{"CATEGORY":["FEMALE","MALE","No matching concept"],"MIN_VALUE":[3,7,27],"P10_VALUE":[15,19,27],"P25_VALUE":[24,25,45],"MEDIAN_VALUE":[43,44,47],"P75_VALUE":[55,63,50],"P90_VALUE":[72,74,67],"MAX_VALUE":[88,98,67]}}
