{"PREVALENCE_BY_GENDER_AGE_YEAR":{"TRELLIS_NAME":["50-59","30-39","70-79"],"SERIES_NAME":["FEMALE","FEMALE","MALE"],"X_CALENDAR_YEAR":[2019,2019,2019],"Y_PREVALENCE_1000PP":[1.73837,0.97688,1.13917]},"PREVALENCE_BY_MONTH":{"X_CALENDAR_MONTH":[201901,201908,201910],"Y_PREVALENCE_1000PP":[0.08,0.08,0.07]},"CONDITIONS_BY_TYPE":{"CONCEPT_NAME":"Claim","COUNT_VALUE":94},"AGE_AT_FIRST_DIAGNOSIS":{"CATEGORY":["MALE","FEMALE"],"MIN_VALUE":[21,2],"P10_VALUE":[34,13],"P25_VALUE":[41,31],"MEDIAN_VALUE":[56,47],"P75_VALUE":[71,55],"P90_VALUE":[76,67],"MAX_VALUE":[78,85]}}
