{"PREVALENCE_BY_GENDER_AGE_YEAR":{"TRELLIS_NAME":["70-79","20-29","70-79","60-69"],"SERIES_NAME":["MALE","FEMALE","FEMALE","FEMALE"],"X_CALENDAR_YEAR":[2019,2019,2019,2019],"Y_PREVALENCE_1000PP":[1.13917,1.49875,1.29726,2.09285]},"PREVALENCE_BY_MONTH":{"X_CALENDAR_MONTH":[201902,201904,201906,201907,201908,201912],"Y_PREVALENCE_1000PP":[0.06,0.1,0.08,0.06,0.08,0.07]},"CONDITIONS_BY_TYPE":{"CONCEPT_NAME":"Claim","COUNT_VALUE":124},"AGE_AT_FIRST_DIAGNOSIS":{"CATEGORY":["FEMALE","MALE"],"MIN_VALUE":[3,1],"P10_VALUE":[11,5],"P25_VALUE":[25,20],"MEDIAN_VALUE":[58,50],"P75_VALUE":[68,62],"P90_VALUE":[74,75],"MAX_VALUE":[89,82]}}
