{"PREVALENCE_BY_GENDER_AGE_YEAR":{"TRELLIS_NAME":["50-59","40-49","10-19","30-39","20-29","60-69"],"SERIES_NAME":["MALE","MALE","FEMALE","FEMALE","FEMALE","MALE"],"X_CALENDAR_YEAR":[2019,2019,2019,2019,2019,2019],"Y_PREVALENCE_1000PP":[1.02684,0.87758,1.31176,0.97688,1.66528,1.53846]},"PREVALENCE_BY_MONTH":{"X_CALENDAR_MONTH":[201901,201902,201904,201905,201906,201907,201908,201911,201912],"Y_PREVALENCE_1000PP":[0.09,0.06,0.1,0.06,0.06,0.07,0.09,0.09,0.11]},"CONDITIONS_BY_TYPE":{"CONCEPT_NAME":"Claim","COUNT_VALUE":142},"AGE_AT_FIRST_DIAGNOSIS":{"CATEGORY":["FEMALE","MALE"],"MIN_VALUE":[1,0],"P10_VALUE":[10,9],"P25_VALUE":[21,27],"MEDIAN_VALUE":[31,50],"P75_VALUE":[56,66],"P90_VALUE":[65,79],"MAX_VALUE":[78,87]}}
