{"PREVALENCE_BY_GENDER_AGE_YEAR":{"TRELLIS_NAME":["30-39","40-49","40-49","70-79","10-19","0-9","30-39","20-29","50-59","60-69","0-9","60-69","50-59","20-29","70-79"],"SERIES_NAME":["MALE","MALE","FEMALE","FEMALE","FEMALE","MALE","FEMALE","FEMALE","MALE","MALE","FEMALE","FEMALE","FEMALE","MALE","MALE"],"X_CALENDAR_YEAR":[2019,2019,2019,2019,2019,2019,2019,2019,2019,2019,2019,2019,2019,2019,2019],"Y_PREVALENCE_1000PP":[1.3557,1.75516,1.85582,1.48258,1.74902,2.00624,2.76783,1.99833,2.05369,1.15385,1.68279,1.14155,2.31783,2.02224,1.89861]},"PREVALENCE_BY_MONTH":{"X_CALENDAR_MONTH":[201901,201902,201903,201904,201905,201906,201907,201908,201909,201910,201911,201912],"Y_PREVALENCE_1000PP":[0.16,0.11,0.1,0.18,0.07,0.22,0.07,0.17,0.18,0.2,0.11,0.19]},"CONDITIONS_BY_TYPE":{"CONCEPT_NAME":"Claim","COUNT_VALUE":288},"AGE_AT_FIRST_DIAGNOSIS":{"CATEGORY":["MALE","FEMALE"],"MIN_VALUE":[1,2],"P10_VALUE":[9,12],"P25_VALUE":[24,26],"MEDIAN_VALUE":[42,40],"P75_VALUE":[58,57],"P90_VALUE":[75,75],"MAX_VALUE":[82,94]}}
