{"PREVALENCE_BY_GENDER_AGE_YEAR":{"TRELLIS_NAME":["50-59","40-49","30-39","10-19"],"SERIES_NAME":["FEMALE","FEMALE","FEMALE","MALE"],"X_CALENDAR_YEAR":[2019,2019,2019,2019],"Y_PREVALENCE_1000PP":[1.01405,0.85653,0.97688,1.37489]},"PREVALENCE_BY_MONTH":{"X_CALENDAR_MONTH":[201902,201903,201906,201907,201908,201909,201910,201912],"Y_PREVALENCE_1000PP":[0.06,0.07,0.06,0.06,0.08,0.07,0.07,0.08]},"CONDITIONS_BY_TYPE":{"CONCEPT_NAME":"Claim","COUNT_VALUE":115},"AGE_AT_FIRST_DIAGNOSIS":{"CATEGORY":["FEMALE","MALE"],"MIN_VALUE":[2,4],"P10_VALUE":[14,12],"P25_VALUE":[29,18],"MEDIAN_VALUE":[46,37],"P75_VALUE":[64,56],"P90_VALUE":[79,78],"MAX_VALUE":[99,94]}}
