{"PREVALENCE_BY_GENDER_AGE_YEAR":{"TRELLIS_NAME":"50-59","SERIES_NAME":"FEMALE","X_CALENDAR_YEAR":2019,"Y_PREVALENCE_1000PP":0.86919},"PREVALENCE_BY_MONTH":{"X_CALENDAR_MONTH":[201903,201904,201907,201909],"Y_PREVALENCE_1000PP":[0.07,0.06,0.06,0.07]},"CONDITIONS_BY_TYPE":{"CONCEPT_NAME":"Claim","COUNT_VALUE":98},"AGE_AT_FIRST_DIAGNOSIS":{"CATEGORY":["MALE","FEMALE"],"MIN_VALUE":[2,3],"P10_VALUE":[10,12],"P25_VALUE":[23,27],"MEDIAN_VALUE":[35,49],"P75_VALUE":[53,63],"P90_VALUE":[64,79],"MAX_VALUE":[97,96]}}
