{"PREVALENCE_BY_GENDER_AGE_YEAR":{"TRELLIS_NAME":["60-69","60-69","50-59","10-19","70-79","40-49","40-49","70-79","50-59","20-29","20-29","30-39","0-9"],"SERIES_NAME":["MALE","FEMALE","FEMALE","FEMALE","FEMALE","MALE","FEMALE","MALE","MALE","FEMALE","MALE","MALE","MALE"],"X_CALENDAR_YEAR":[2019,2019,2019,2019,2019,2019,2019,2019,2019,2019,2019,2019,2019],"Y_PREVALENCE_1000PP":[1.53846,1.52207,1.88324,1.96764,1.11193,2.34021,1.42755,2.84792,1.32023,1.83181,1.6852,2.03355,1.56041]},"PREVALENCE_BY_MONTH":{"X_CALENDAR_MONTH":[201901,201902,201903,201904,201905,201906,201907,201908,201909,201910,201911,201912],"Y_PREVALENCE_1000PP":[0.11,0.14,0.07,0.24,0.12,0.13,0.2,0.15,0.08,0.14,0.09,0.08]},"CONDITIONS_BY_TYPE":{"CONCEPT_NAME":"Claim","COUNT_VALUE":261},"AGE_AT_FIRST_DIAGNOSIS":{"CATEGORY":["MALE","FEMALE"],"MIN_VALUE":[0,0],"P10_VALUE":[13,12],"P25_VALUE":[30,22],"MEDIAN_VALUE":[46,43],"P75_VALUE":[68,60],"P90_VALUE":[78,75],"MAX_VALUE":[97,99]}}
