{"PREVALENCE_BY_GENDER_AGE_YEAR":{"TRELLIS_NAME":["40-49","70-79","10-19","30-39","20-29","40-49","30-39","0-9","70-79","50-59","60-69","20-29","50-59","60-69"],"SERIES_NAME":["MALE","MALE","FEMALE","MALE","FEMALE","FEMALE","FEMALE","MALE","FEMALE","FEMALE","FEMALE","MALE","MALE","MALE"],"X_CALENDAR_YEAR":[2019,2019,2019,2019,2019,2019,2019,2019,2019,2019,2019,2019,2019,2019],"Y_PREVALENCE_1000PP":[3.07152,1.70875,1.96764,1.86409,2.16486,3.42612,3.41908,2.45207,2.59451,2.60756,2.28311,1.51668,2.93384,1.92308]},"PREVALENCE_BY_MONTH":{"X_CALENDAR_MONTH":[201901,201902,201903,201904,201905,201906,201907,201908,201909,201910,201911,201912],"Y_PREVALENCE_1000PP":[0.26,0.12,0.14,0.23,0.24,0.15,0.27,0.11,0.12,0.19,0.24,0.23]},"CONDITIONS_BY_TYPE":{"CONCEPT_NAME":"Claim","COUNT_VALUE":388},"AGE_AT_FIRST_DIAGNOSIS":{"CATEGORY":["MALE","FEMALE"],"MIN_VALUE":[0,2],"P10_VALUE":[8,16],"P25_VALUE":[30,32],"MEDIAN_VALUE":[48,45],"P75_VALUE":[63,59],"P90_VALUE":[79,73],"MAX_VALUE":[99,89]}}
