{"PREVALENCE_BY_GENDER_AGE_YEAR":{"TRELLIS_NAME":["50-59","40-49","70-79"],"SERIES_NAME":["FEMALE","MALE","MALE"],"X_CALENDAR_YEAR":[2019,2019,2019],"Y_PREVALENCE_1000PP":[0.86919,0.87758,1.13917]},"PREVALENCE_BY_MONTH":{"X_CALENDAR_MONTH":[201902,201907],"Y_PREVALENCE_1000PP":[0.06,0.09]},"CONDITIONS_BY_TYPE":{"CONCEPT_NAME":"Claim","COUNT_VALUE":88},"AGE_AT_FIRST_DIAGNOSIS":{"CATEGORY":["MALE","FEMALE"],"MIN_VALUE":[1,4],"P10_VALUE":[6,14],"P25_VALUE":[25,23],"MEDIAN_VALUE":[44,48],"P75_VALUE":[71,58],"P90_VALUE":[79,76],"MAX_VALUE":[80,93]}}
