{"PREVALENCE_BY_GENDER_AGE_YEAR":{"TRELLIS_NAME":"50-59","SERIES_NAME":"MALE","X_CALENDAR_YEAR":2019,"Y_PREVALENCE_1000PP":1.02684},"PREVALENCE_BY_MONTH":{"X_CALENDAR_MONTH":[201904,201906,201908,201909,201912],"Y_PREVALENCE_1000PP":[0.06,0.07,0.06,0.06,0.06]},"CONDITIONS_BY_TYPE":{"CONCEPT_NAME":"Claim","COUNT_VALUE":105},"AGE_AT_FIRST_DIAGNOSIS":{"CATEGORY":["MALE","FEMALE"],"MIN_VALUE":[2,0],"P10_VALUE":[11,7],"P25_VALUE":[22,13],"MEDIAN_VALUE":[52,33],"P75_VALUE":[64,65],"P90_VALUE":[84,79],"MAX_VALUE":[90,82]}}
