{"PREVALENCE_BY_GENDER_AGE_YEAR":{"TRELLIS_NAME":"30-39","SERIES_NAME":"FEMALE","X_CALENDAR_YEAR":2019,"Y_PREVALENCE_1000PP":1.30251},"PREVALENCE_BY_MONTH":{"X_CALENDAR_MONTH":[201904,201905,201911],"Y_PREVALENCE_1000PP":[0.06,0.07,0.06]},"CONDITIONS_BY_TYPE":{"CONCEPT_NAME":"Claim","COUNT_VALUE":82},"AGE_AT_FIRST_DIAGNOSIS":{"CATEGORY":["MALE","FEMALE"],"MIN_VALUE":[1,0],"P10_VALUE":[11,18],"P25_VALUE":[15,32],"MEDIAN_VALUE":[48,41],"P75_VALUE":[67,63],"P90_VALUE":[85,73],"MAX_VALUE":[94,99]}}
