{"PREVALENCE_BY_GENDER_AGE_YEAR":{"TRELLIS_NAME":["30-39","60-69","30-39","20-29","50-59","70-79"],"SERIES_NAME":["FEMALE","FEMALE","MALE","FEMALE","FEMALE","FEMALE"],"X_CALENDAR_YEAR":[2019,2019,2019,2019,2019,2019],"Y_PREVALENCE_1000PP":[1.13969,1.14155,1.01678,0.99917,1.01405,1.29726]},"PREVALENCE_BY_MONTH":{"X_CALENDAR_MONTH":[201901,201903,201904,201908,201909,201910,201912],"Y_PREVALENCE_1000PP":[0.06,0.08,0.06,0.08,0.07,0.1,0.08]},"CONDITIONS_BY_TYPE":{"CONCEPT_NAME":"Claim","COUNT_VALUE":129},"AGE_AT_FIRST_DIAGNOSIS":{"CATEGORY":["MALE","FEMALE"],"MIN_VALUE":[0,2],"P10_VALUE":[2,17],"P25_VALUE":[24,30],"MEDIAN_VALUE":[36,45],"P75_VALUE":[56,68],"P90_VALUE":[89,78],"MAX_VALUE":[95,98]}}
