{"PREVALENCE_BY_GENDER_AGE_YEAR":{"TRELLIS_NAME":["0-9","20-29","30-39","70-79","10-19","50-59","40-49","50-59","60-69","40-49"],"SERIES_NAME":["MALE","FEMALE","FEMALE","MALE","FEMALE","MALE","FEMALE","FEMALE","FEMALE","MALE"],"X_CALENDAR_YEAR":[2019,2019,2019,2019,2019,2019,2019,2019,2019,2019],"Y_PREVALENCE_1000PP":[2.00624,1.49875,0.97688,1.89861,1.53039,0.88015,0.99929,0.86919,1.52207,1.31637]},"PREVALENCE_BY_MONTH":{"X_CALENDAR_MONTH":[201901,201905,201906,201907,201908,201910,201912],"Y_PREVALENCE_1000PP":[0.18,0.12,0.14,0.17,0.12,0.06,0.1]},"CONDITIONS_BY_TYPE":{"CONCEPT_NAME":"Claim","COUNT_VALUE":183},"AGE_AT_FIRST_DIAGNOSIS":{"CATEGORY":["MALE","FEMALE"],"MIN_VALUE":[0,2],"P10_VALUE":[3,10],"P25_VALUE":[24,23],"MEDIAN_VALUE":[49,42],"P75_VALUE":[72,65],"P90_VALUE":[78,72],"MAX_VALUE":[95,98]}}
