{"PREVALENCE_BY_GENDER_AGE_YEAR":{"TRELLIS_NAME":["0-9","50-59","40-49","30-39"],"SERIES_NAME":["FEMALE","FEMALE","MALE","MALE"],"X_CALENDAR_YEAR":[2019,2019,2019,2019],"Y_PREVALENCE_1000PP":[1.2621,0.86919,1.02384,1.01678]},"PREVALENCE_BY_MONTH":{"X_CALENDAR_MONTH":[201904,201909,201910,201911,201912],"Y_PREVALENCE_1000PP":[0.06,0.06,0.09,0.07,0.09]},"CONDITIONS_BY_TYPE":{"CONCEPT_NAME":"Claim","COUNT_VALUE":114},"AGE_AT_FIRST_DIAGNOSIS":{"CATEGORY":["MALE","FEMALE"],"MIN_VALUE":[0,2],"P10_VALUE":[13,5],"P25_VALUE":[27,15],"MEDIAN_VALUE":[42,43],"P75_VALUE":[66,61],"P90_VALUE":[72,84],"MAX_VALUE":[96,98]}}
