{"PREVALENCE_BY_GENDER_AGE_YEAR":{"TRELLIS_NAME":["50-59","50-59","30-39","40-49"],"SERIES_NAME":["MALE","FEMALE","FEMALE","MALE"],"X_CALENDAR_YEAR":[2019,2019,2019,2019],"Y_PREVALENCE_1000PP":[1.02684,0.86919,1.46532,1.31637]},"PREVALENCE_BY_MONTH":{"X_CALENDAR_MONTH":[201901,201902,201903,201904,201905,201906,201907,201910,201911,201912],"Y_PREVALENCE_1000PP":[0.07,0.1,0.09,0.08,0.07,0.06,0.07,0.07,0.08,0.07]},"CONDITIONS_BY_TYPE":{"CONCEPT_NAME":"Claim","COUNT_VALUE":148},"AGE_AT_FIRST_DIAGNOSIS":{"CATEGORY":["FEMALE","MALE"],"MIN_VALUE":[0,3],"P10_VALUE":[9,9],"P25_VALUE":[22,28],"MEDIAN_VALUE":[36,48],"P75_VALUE":[61,62],"P90_VALUE":[80,78],"MAX_VALUE":[93,96]}}
