{"PREVALENCE_BY_GENDER_AGE_YEAR":{"TRELLIS_NAME":["40-49","60-69","50-59","20-29","0-9","70-79","60-69","10-19","40-49","0-9","70-79","30-39","20-29","30-39","50-59"],"SERIES_NAME":["MALE","MALE","MALE","MALE","FEMALE","MALE","FEMALE","MALE","FEMALE","MALE","FEMALE","MALE","FEMALE","FEMALE","FEMALE"],"X_CALENDAR_YEAR":[2019,2019,2019,2019,2019,2019,2019,2019,2019,2019,2019,2019,2019,2019,2019],"Y_PREVALENCE_1000PP":[1.02384,2.69231,1.907,1.6852,1.68279,1.51889,1.71233,2.74977,2.28408,2.00624,1.29726,1.86409,1.49875,0.97688,1.30378]},"PREVALENCE_BY_MONTH":{"X_CALENDAR_MONTH":[201901,201902,201903,201904,201905,201906,201907,201908,201909,201910,201911,201912],"Y_PREVALENCE_1000PP":[0.1,0.11,0.12,0.17,0.12,0.11,0.2,0.18,0.13,0.15,0.12,0.15]},"CONDITIONS_BY_TYPE":{"CONCEPT_NAME":"Claim","COUNT_VALUE":287},"AGE_AT_FIRST_DIAGNOSIS":{"CATEGORY":["FEMALE","MALE"],"MIN_VALUE":[0,0],"P10_VALUE":[8,9],"P25_VALUE":[25,20],"MEDIAN_VALUE":[46,42],"P75_VALUE":[63,63],"P90_VALUE":[78,71],"MAX_VALUE":[99,99]}}
