{"PREVALENCE_BY_GENDER_AGE_YEAR":{"TRELLIS_NAME":["60-69","70-79","20-29","0-9","40-49","40-49","30-39","0-9","10-19","50-59","50-59","30-39","70-79","20-29"],"SERIES_NAME":["MALE","FEMALE","FEMALE","MALE","FEMALE","MALE","MALE","FEMALE","FEMALE","FEMALE","MALE","FEMALE","MALE","MALE"],"X_CALENDAR_YEAR":[2019,2019,2019,2019,2019,2019,2019,2019,2019,2019,2019,2019,2019,2019],"Y_PREVALENCE_1000PP":[2.30769,1.48258,1.99833,1.33749,1.2848,1.60889,1.3557,1.2621,2.18627,1.73837,2.05369,1.95376,2.84792,2.02224]},"PREVALENCE_BY_MONTH":{"X_CALENDAR_MONTH":[201901,201902,201903,201904,201905,201906,201907,201908,201910,201911,201912],"Y_PREVALENCE_1000PP":[0.16,0.19,0.11,0.16,0.16,0.13,0.14,0.12,0.17,0.12,0.14]},"CONDITIONS_BY_TYPE":{"CONCEPT_NAME":"Claim","COUNT_VALUE":278},"AGE_AT_FIRST_DIAGNOSIS":{"CATEGORY":["MALE","FEMALE"],"MIN_VALUE":[1,0],"P10_VALUE":[20,13],"P25_VALUE":[32,24],"MEDIAN_VALUE":[52,36],"P75_VALUE":[68,53],"P90_VALUE":[77,74],"MAX_VALUE":[96,96]}}
