{"PREVALENCE_BY_GENDER_AGE_YEAR":{"TRELLIS_NAME":["60-69","30-39","0-9","10-19","10-19","30-39","20-29","0-9","70-79","40-49","20-29","40-49","50-59"],"SERIES_NAME":["FEMALE","MALE","FEMALE","FEMALE","MALE","FEMALE","MALE","MALE","MALE","FEMALE","FEMALE","MALE","MALE"],"X_CALENDAR_YEAR":[2019,2019,2019,2019,2019,2019,2019,2019,2019,2019,2019,2019,2019],"Y_PREVALENCE_1000PP":[1.52207,1.3557,1.2621,1.96764,1.37489,0.97688,1.17964,2.67499,2.4682,0.85653,1.1657,0.87758,1.17354]},"PREVALENCE_BY_MONTH":{"X_CALENDAR_MONTH":[201901,201902,201903,201904,201905,201906,201907,201908,201910,201911,201912],"Y_PREVALENCE_1000PP":[0.12,0.09,0.06,0.16,0.11,0.09,0.12,0.09,0.19,0.11,0.09]},"CONDITIONS_BY_TYPE":{"CONCEPT_NAME":"Claim","COUNT_VALUE":218},"AGE_AT_FIRST_DIAGNOSIS":{"CATEGORY":["MALE","FEMALE"],"MIN_VALUE":[1,0],"P10_VALUE":[5,9],"P25_VALUE":[17,19],"MEDIAN_VALUE":[40,45],"P75_VALUE":[69,66],"P90_VALUE":[78,86],"MAX_VALUE":[96,99]}}
