{"PREVALENCE_BY_GENDER_AGE_YEAR":{"TRELLIS_NAME":["20-29","40-49","30-39","20-29","50-59"],"SERIES_NAME":["MALE","FEMALE","MALE","FEMALE","MALE"],"X_CALENDAR_YEAR":[2019,2019,2019,2019,2019],"Y_PREVALENCE_1000PP":[1.01112,0.85653,1.01678,1.1657,1.17354]},"PREVALENCE_BY_MONTH":{"X_CALENDAR_MONTH":[201901,201902,201904,201905,201907,201908,201909,201910,201911],"Y_PREVALENCE_1000PP":[0.11,0.07,0.13,0.06,0.08,0.06,0.07,0.08,0.06]},"CONDITIONS_BY_TYPE":{"CONCEPT_NAME":"Claim","COUNT_VALUE":150},"AGE_AT_FIRST_DIAGNOSIS":{"CATEGORY":["MALE","FEMALE"],"MIN_VALUE":[5,2],"P10_VALUE":[10,10],"P25_VALUE":[24,22],"MEDIAN_VALUE":[39,40],"P75_VALUE":[59,72],"P90_VALUE":[77,85],"MAX_VALUE":[89,97]}}
