{"PREVALENCE_BY_GENDER_AGE_YEAR":{"TRELLIS_NAME":["20-29","70-79","50-59","50-59","0-9"],"SERIES_NAME":["FEMALE","MALE","MALE","FEMALE","FEMALE"],"X_CALENDAR_YEAR":[2019,2019,2019,2019,2019],"Y_PREVALENCE_1000PP":[1.1657,1.13917,1.17354,1.30378,1.2621]},"PREVALENCE_BY_MONTH":{"X_CALENDAR_MONTH":[201901,201902,201903,201904,201907,201911],"Y_PREVALENCE_1000PP":[0.09,0.06,0.08,0.09,0.08,0.06]},"CONDITIONS_BY_TYPE":{"CONCEPT_NAME":"Claim","COUNT_VALUE":125},"AGE_AT_FIRST_DIAGNOSIS":{"CATEGORY":["FEMALE","MALE"],"MIN_VALUE":[0,7],"P10_VALUE":[8,27],"P25_VALUE":[25,31],"MEDIAN_VALUE":[41,53],"P75_VALUE":[54,75],"P90_VALUE":[68,84],"MAX_VALUE":[97,93]}}
