{"PREVALENCE_BY_GENDER_AGE_YEAR":{"TRELLIS_NAME":["30-39","60-69"],"SERIES_NAME":["MALE","FEMALE"],"X_CALENDAR_YEAR":[2019,2019],"Y_PREVALENCE_1000PP":[1.18624,1.33181]},"PREVALENCE_BY_MONTH":{"X_CALENDAR_MONTH":[201901,201905,201907,201912],"Y_PREVALENCE_1000PP":[0.07,0.06,0.08,0.06]},"CONDITIONS_BY_TYPE":{"CONCEPT_NAME":"Claim","COUNT_VALUE":103},"AGE_AT_FIRST_DIAGNOSIS":{"CATEGORY":["FEMALE","MALE"],"MIN_VALUE":[1,4],"P10_VALUE":[9,18],"P25_VALUE":[27,30],"MEDIAN_VALUE":[44,45],"P75_VALUE":[63,66],"P90_VALUE":[73,79],"MAX_VALUE":[95,86]}}
