{"PREVALENCE_BY_GENDER_AGE_YEAR":{"TRELLIS_NAME":"30-39","SERIES_NAME":"MALE","X_CALENDAR_YEAR":2019,"Y_PREVALENCE_1000PP":1.01678},"PREVALENCE_BY_MONTH":{"X_CALENDAR_MONTH":[201903,201905,201906,201911],"Y_PREVALENCE_1000PP":[0.07,0.06,0.06,0.06]},"CONDITIONS_BY_TYPE":{"CONCEPT_NAME":"Claim","COUNT_VALUE":89},"AGE_AT_FIRST_DIAGNOSIS":{"CATEGORY":["FEMALE","MALE"],"MIN_VALUE":[7,0],"P10_VALUE":[10,8],"P25_VALUE":[25,27],"MEDIAN_VALUE":[36,42],"P75_VALUE":[72,66],"P90_VALUE":[89,78],"MAX_VALUE":[94,99]}}
