{"PREVALENCE_BY_GENDER_AGE_YEAR":{"TRELLIS_NAME":["30-39","20-29","70-79","70-79","0-9","10-19","30-39","50-59","60-69","40-49","50-59","40-49","20-29"],"SERIES_NAME":["FEMALE","MALE","MALE","FEMALE","MALE","FEMALE","MALE","FEMALE","MALE","MALE","MALE","FEMALE","FEMALE"],"X_CALENDAR_YEAR":[2019,2019,2019,2019,2019,2019,2019,2019,2019,2019,2019,2019,2019],"Y_PREVALENCE_1000PP":[2.27939,1.17964,1.51889,1.48258,2.45207,1.31176,2.7114,2.17297,1.73077,2.34021,2.05369,1.57031,0.99917]},"PREVALENCE_BY_MONTH":{"X_CALENDAR_MONTH":[201901,201902,201903,201904,201905,201906,201907,201908,201909,201910,201911,201912],"Y_PREVALENCE_1000PP":[0.11,0.12,0.14,0.22,0.12,0.15,0.2,0.14,0.14,0.18,0.14,0.11]},"CONDITIONS_BY_TYPE":{"CONCEPT_NAME":"Claim","COUNT_VALUE":304},"AGE_AT_FIRST_DIAGNOSIS":{"CATEGORY":["FEMALE","No matching concept","MALE"],"MIN_VALUE":[2,0,0],"P10_VALUE":[14,0,6],"P25_VALUE":[30,20,31],"MEDIAN_VALUE":[44,33,45],"P75_VALUE":[58,59,60],"P90_VALUE":[78,86,75],"MAX_VALUE":[99,86,94]}}
