{"PREVALENCE_BY_GENDER_AGE_YEAR":{"TRELLIS_NAME":["40-49","40-49","0-9","70-79"],"SERIES_NAME":["FEMALE","MALE","MALE","FEMALE"],"X_CALENDAR_YEAR":[2019,2019,2019,2019],"Y_PREVALENCE_1000PP":[1.14204,0.87758,1.33749,1.48258]},"PREVALENCE_BY_MONTH":{"X_CALENDAR_MONTH":[201901,201904,201905,201906,201907,201908,201909,201912],"Y_PREVALENCE_1000PP":[0.06,0.07,0.08,0.08,0.13,0.07,0.06,0.08]},"CONDITIONS_BY_TYPE":{"CONCEPT_NAME":"Claim","COUNT_VALUE":135},"AGE_AT_FIRST_DIAGNOSIS":{"CATEGORY":["FEMALE","MALE"],"MIN_VALUE":[3,0],"P10_VALUE":[9,6],"P25_VALUE":[31,16],"MEDIAN_VALUE":[49,36],"P75_VALUE":[71,52],"P90_VALUE":[79,65],"MAX_VALUE":[99,92]}}
