{"PREVALENCE_BY_GENDER_AGE_YEAR":{"TRELLIS_NAME":["30-39","0-9","40-49","40-49","50-59","20-29","70-79","30-39","50-59","20-29","60-69","10-19","0-9","60-69"],"SERIES_NAME":["MALE","MALE","FEMALE","MALE","MALE","FEMALE","FEMALE","FEMALE","FEMALE","MALE","MALE","MALE","FEMALE","FEMALE"],"X_CALENDAR_YEAR":[2019,2019,2019,2019,2019,2019,2019,2019,2019,2019,2019,2019,2019,2019],"Y_PREVALENCE_1000PP":[2.37248,1.78333,2.28408,1.60889,1.61361,1.66528,2.03855,1.30251,1.44865,3.37041,2.11538,1.37489,2.31384,2.66362]},"PREVALENCE_BY_MONTH":{"X_CALENDAR_MONTH":[201901,201902,201903,201904,201905,201906,201907,201908,201909,201910,201911,201912],"Y_PREVALENCE_1000PP":[0.15,0.17,0.15,0.16,0.21,0.16,0.07,0.11,0.14,0.16,0.15,0.16]},"CONDITIONS_BY_TYPE":{"CONCEPT_NAME":"Claim","COUNT_VALUE":290},"AGE_AT_FIRST_DIAGNOSIS":{"CATEGORY":["FEMALE","MALE"],"MIN_VALUE":[0,0],"P10_VALUE":[7,12],"P25_VALUE":[27,25],"MEDIAN_VALUE":[46,35],"P75_VALUE":[64,58],"P90_VALUE":[75,69],"MAX_VALUE":[98,99]}}
