{"PREVALENCE_BY_GENDER_AGE_YEAR":{"TRELLIS_NAME":["40-49","30-39","50-59","10-19"],"SERIES_NAME":["FEMALE","FEMALE","MALE","FEMALE"],"X_CALENDAR_YEAR":[2019,2019,2019,2019],"Y_PREVALENCE_1000PP":[1.2848,0.97688,1.17354,1.96764]},"PREVALENCE_BY_MONTH":{"X_CALENDAR_MONTH":[201901,201902,201904,201905,201906,201907,201908,201909,201910,201912],"Y_PREVALENCE_1000PP":[0.09,0.07,0.06,0.06,0.07,0.1,0.07,0.09,0.07,0.06]},"CONDITIONS_BY_TYPE":{"CONCEPT_NAME":"Claim","COUNT_VALUE":138},"AGE_AT_FIRST_DIAGNOSIS":{"CATEGORY":["MALE","FEMALE"],"MIN_VALUE":[3,2],"P10_VALUE":[6,6],"P25_VALUE":[17,18],"MEDIAN_VALUE":[48,32],"P75_VALUE":[65,46],"P90_VALUE":[83,71],"MAX_VALUE":[98,90]}}
