{"PREVALENCE_BY_GENDER_AGE_YEAR":{"TRELLIS_NAME":["70-79","50-59"],"SERIES_NAME":["MALE","MALE"],"X_CALENDAR_YEAR":[2019,2019],"Y_PREVALENCE_1000PP":[1.13917,1.17354]},"PREVALENCE_BY_MONTH":{"X_CALENDAR_MONTH":[201904,201907,201910,201911],"Y_PREVALENCE_1000PP":[0.08,0.1,0.08,0.06]},"CONDITIONS_BY_TYPE":{"CONCEPT_NAME":"Claim","COUNT_VALUE":104},"AGE_AT_FIRST_DIAGNOSIS":{"CATEGORY":["FEMALE","MALE"],"MIN_VALUE":[1,8],"P10_VALUE":[5,24],"P25_VALUE":[17,41],"MEDIAN_VALUE":[47,53],"P75_VALUE":[73,71],"P90_VALUE":[92,79],"MAX_VALUE":[93,94]}}
