{"PREVALENCE_BY_GENDER_AGE_YEAR":{"TRELLIS_NAME":["50-59","20-29","30-39","40-49","20-29"],"SERIES_NAME":["MALE","MALE","FEMALE","MALE","FEMALE"],"X_CALENDAR_YEAR":[2019,2019,2019,2019,2019],"Y_PREVALENCE_1000PP":[1.76031,1.01112,0.97688,1.60889,1.83181]},"PREVALENCE_BY_MONTH":{"X_CALENDAR_MONTH":[201901,201902,201903,201907,201908,201909,201910,201911,201912],"Y_PREVALENCE_1000PP":[0.08,0.09,0.08,0.08,0.06,0.08,0.1,0.08,0.08]},"CONDITIONS_BY_TYPE":{"CONCEPT_NAME":"Claim","COUNT_VALUE":138},"AGE_AT_FIRST_DIAGNOSIS":{"CATEGORY":["FEMALE","MALE"],"MIN_VALUE":[4,0],"P10_VALUE":[14,22],"P25_VALUE":[22,38],"MEDIAN_VALUE":[32,49],"P75_VALUE":[52,59],"P90_VALUE":[74,77],"MAX_VALUE":[95,86]}}
