{"PREVALENCE_BY_GENDER_AGE_YEAR":{"TRELLIS_NAME":["20-29","40-49"],"SERIES_NAME":["FEMALE","FEMALE"],"X_CALENDAR_YEAR":[2019,2019],"Y_PREVALENCE_1000PP":[0.99917,0.99929]},"PREVALENCE_BY_MONTH":{"X_CALENDAR_MONTH":[201901,201903,201910,201912],"Y_PREVALENCE_1000PP":[0.07,0.06,0.1,0.07]},"CONDITIONS_BY_TYPE":{"CONCEPT_NAME":"Claim","COUNT_VALUE":102},"AGE_AT_FIRST_DIAGNOSIS":{"CATEGORY":["FEMALE","MALE"],"MIN_VALUE":[3,0],"P10_VALUE":[14,13],"P25_VALUE":[29,26],"MEDIAN_VALUE":[43,35],"P75_VALUE":[65,61],"P90_VALUE":[80,73],"MAX_VALUE":[95,98]}}
