{"PREVALENCE_BY_GENDER_AGE_YEAR":{"TRELLIS_NAME":["20-29","20-29","40-49","70-79"],"SERIES_NAME":["MALE","FEMALE","MALE","MALE"],"X_CALENDAR_YEAR":[2019,2019,2019,2019],"Y_PREVALENCE_1000PP":[1.34816,0.99917,1.02384,1.13917]},"PREVALENCE_BY_MONTH":{"X_CALENDAR_MONTH":[201903,201904,201906,201907,201909,201910],"Y_PREVALENCE_1000PP":[0.07,0.07,0.06,0.12,0.06,0.06]},"CONDITIONS_BY_TYPE":{"CONCEPT_NAME":"Claim","COUNT_VALUE":110},"AGE_AT_FIRST_DIAGNOSIS":{"CATEGORY":["FEMALE","MALE"],"MIN_VALUE":[3,6],"P10_VALUE":[6,21],"P25_VALUE":[22,28],"MEDIAN_VALUE":[40,46],"P75_VALUE":[57,74],"P90_VALUE":[76,79],"MAX_VALUE":[98,99]}}
