{"PREVALENCE_BY_GENDER_AGE_YEAR":{"TRELLIS_NAME":["30-39","40-49","0-9","10-19","60-69","20-29","50-59","40-49","30-39","70-79","20-29","50-59"],"SERIES_NAME":["MALE","MALE","MALE","FEMALE","MALE","FEMALE","FEMALE","FEMALE","FEMALE","MALE","MALE","MALE"],"X_CALENDAR_YEAR":[2019,2019,2019,2019,2019,2019,2019,2019,2019,2019,2019,2019],"Y_PREVALENCE_1000PP":[2.37248,1.1701,2.00624,1.53039,1.73077,1.66528,1.15892,1.57031,2.11657,1.32903,2.02224,1.46692]},"PREVALENCE_BY_MONTH":{"X_CALENDAR_MONTH":[201901,201902,201903,201904,201905,201906,201907,201908,201909,201910,201911,201912],"Y_PREVALENCE_1000PP":[0.16,0.1,0.07,0.13,0.12,0.18,0.12,0.1,0.17,0.19,0.08,0.11]},"CONDITIONS_BY_TYPE":{"CONCEPT_NAME":"Claim","COUNT_VALUE":257},"AGE_AT_FIRST_DIAGNOSIS":{"CATEGORY":["FEMALE","MALE"],"MIN_VALUE":[1,1],"P10_VALUE":[18,9],"P25_VALUE":[26,25],"MEDIAN_VALUE":[41,38],"P75_VALUE":[59,60],"P90_VALUE":[80,77],"MAX_VALUE":[94,85]}}
