{"PREVALENCE_BY_GENDER_AGE_YEAR":{"TRELLIS_NAME":["50-59","40-49","70-79","0-9","60-69","70-79","90-99","20-29","30-39","20-29","30-39","50-59","40-49","0-9","60-69"],"SERIES_NAME":["MALE","FEMALE","FEMALE","FEMALE","FEMALE","MALE","MALE","FEMALE","FEMALE","MALE","MALE","FEMALE","MALE","MALE","MALE"],"X_CALENDAR_YEAR":[2019,2019,2019,2019,2019,2019,2019,2019,2019,2019,2019,2019,2019,2019,2019],"Y_PREVALENCE_1000PP":[2.49377,2.28408,1.85322,2.52419,2.28311,2.4682,3.4188,2.9975,1.62813,1.51668,2.03355,2.0281,1.75516,1.78333,2.30769]},"PREVALENCE_BY_MONTH":{"X_CALENDAR_MONTH":[201901,201902,201903,201904,201905,201906,201907,201908,201909,201910,201911,201912],"Y_PREVALENCE_1000PP":[0.24,0.08,0.11,0.16,0.12,0.22,0.18,0.15,0.13,0.26,0.21,0.13]},"CONDITIONS_BY_TYPE":{"CONCEPT_NAME":"Claim","COUNT_VALUE":334},"AGE_AT_FIRST_DIAGNOSIS":{"CATEGORY":["MALE","FEMALE"],"MIN_VALUE":[3,0],"P10_VALUE":[14,9],"P25_VALUE":[32,23],"MEDIAN_VALUE":[51,43],"P75_VALUE":[68,63],"P90_VALUE":[79,76],"MAX_VALUE":[99,97]}}
