{"PREVALENCE_BY_GENDER_AGE_YEAR":{"TRELLIS_NAME":["40-49","20-29","60-69","50-59","20-29","60-69","0-9","50-59"],"SERIES_NAME":["MALE","FEMALE","MALE","MALE","MALE","FEMALE","FEMALE","FEMALE"],"X_CALENDAR_YEAR":[2019,2019,2019,2019,2019,2019,2019,2019],"Y_PREVALENCE_1000PP":[1.02384,1.33222,1.15385,0.88015,1.17964,1.14155,1.47244,1.30378]},"PREVALENCE_BY_MONTH":{"X_CALENDAR_MONTH":[201901,201902,201903,201904,201905,201906,201907,201908,201910,201911,201912],"Y_PREVALENCE_1000PP":[0.06,0.1,0.06,0.07,0.07,0.1,0.13,0.1,0.1,0.06,0.07]},"CONDITIONS_BY_TYPE":{"CONCEPT_NAME":"Claim","COUNT_VALUE":157},"AGE_AT_FIRST_DIAGNOSIS":{"CATEGORY":["FEMALE","MALE"],"MIN_VALUE":[0,0],"P10_VALUE":[5,15],"P25_VALUE":[22,29],"MEDIAN_VALUE":[40,47],"P75_VALUE":[56,68],"P90_VALUE":[71,84],"MAX_VALUE":[93,95]}}
