{"PREVALENCE_BY_GENDER_AGE_YEAR":{"TRELLIS_NAME":["40-49","60-69","60-69","50-59","30-39","70-79","50-59","0-9","20-29","0-9","70-79","20-29","40-49","30-39"],"SERIES_NAME":["MALE","FEMALE","MALE","FEMALE","MALE","MALE","MALE","FEMALE","MALE","MALE","FEMALE","FEMALE","FEMALE","FEMALE"],"X_CALENDAR_YEAR":[2019,2019,2019,2019,2019,2019,2019,2019,2019,2019,2019,2019,2019,2019],"Y_PREVALENCE_1000PP":[1.1701,1.14155,1.73077,1.88324,1.01678,2.08848,1.76031,2.31384,1.85372,1.33749,1.11193,1.66528,2.14133,1.46532]},"PREVALENCE_BY_MONTH":{"X_CALENDAR_MONTH":[201901,201902,201903,201904,201905,201906,201907,201908,201909,201910,201912],"Y_PREVALENCE_1000PP":[0.09,0.14,0.16,0.17,0.1,0.11,0.15,0.18,0.08,0.16,0.19]},"CONDITIONS_BY_TYPE":{"CONCEPT_NAME":"Claim","COUNT_VALUE":264},"AGE_AT_FIRST_DIAGNOSIS":{"CATEGORY":["MALE","FEMALE"],"MIN_VALUE":[0,0],"P10_VALUE":[13,5],"P25_VALUE":[28,22],"MEDIAN_VALUE":[50,43],"P75_VALUE":[68,53],"P90_VALUE":[79,72],"MAX_VALUE":[99,93]}}
