{"PREVALENCE_BY_GENDER_AGE_YEAR":{"TRELLIS_NAME":["20-29","60-69","30-39","30-39","40-49"],"SERIES_NAME":["MALE","MALE","FEMALE","MALE","MALE"],"X_CALENDAR_YEAR":[2019,2019,2019,2019,2019],"Y_PREVALENCE_1000PP":[1.17964,1.34615,1.30251,1.52517,1.1701]},"PREVALENCE_BY_MONTH":{"X_CALENDAR_MONTH":[201901,201903,201904,201905,201906,201907,201908,201909,201910,201911,201912],"Y_PREVALENCE_1000PP":[0.12,0.07,0.07,0.06,0.06,0.06,0.08,0.09,0.07,0.12,0.06]},"CONDITIONS_BY_TYPE":{"CONCEPT_NAME":"Claim","COUNT_VALUE":146},"AGE_AT_FIRST_DIAGNOSIS":{"CATEGORY":["FEMALE","MALE"],"MIN_VALUE":[5,2],"P10_VALUE":[7,7],"P25_VALUE":[27,24],"MEDIAN_VALUE":[44,44],"P75_VALUE":[68,63],"P90_VALUE":[82,75],"MAX_VALUE":[93,96]}}
