{"PREVALENCE_BY_GENDER_AGE_YEAR":{"TRELLIS_NAME":["50-59","70-79","60-69","50-59","60-69","20-29","70-79","10-19","30-39","40-49","10-19","30-39","0-9","40-49","20-29","0-9"],"SERIES_NAME":["MALE","MALE","FEMALE","FEMALE","MALE","MALE","FEMALE","MALE","MALE","FEMALE","FEMALE","FEMALE","MALE","MALE","FEMALE","FEMALE"],"X_CALENDAR_YEAR":[2019,2019,2019,2019,2019,2019,2019,2019,2019,2019,2019,2019,2019,2019,2019,2019],"Y_PREVALENCE_1000PP":[1.76031,1.89861,1.90259,3.18702,2.5,1.6852,1.85322,2.06233,1.86409,2.42684,2.84215,2.11657,1.78333,2.779,3.16403,3.78629]},"PREVALENCE_BY_MONTH":{"X_CALENDAR_MONTH":[201901,201902,201903,201904,201905,201906,201907,201908,201909,201910,201911,201912],"Y_PREVALENCE_1000PP":[0.15,0.2,0.18,0.14,0.23,0.19,0.28,0.2,0.12,0.15,0.27,0.2]},"CONDITIONS_BY_TYPE":{"CONCEPT_NAME":"Claim","COUNT_VALUE":385},"AGE_AT_FIRST_DIAGNOSIS":{"CATEGORY":["FEMALE","MALE"],"MIN_VALUE":[2,1],"P10_VALUE":[7,11],"P25_VALUE":[21,27],"MEDIAN_VALUE":[40,46],"P75_VALUE":[55,63],"P90_VALUE":[74,78],"MAX_VALUE":[98,99]}}
