{"PREVALENCE_BY_GENDER_AGE_YEAR":{"TRELLIS_NAME":[],"SERIES_NAME":[],"X_CALENDAR_YEAR":[],"Y_PREVALENCE_1000PP":[]},"PREVALENCE_BY_MONTH":{"X_CALENDAR_MONTH":[201904,201907,201908,201909,201910],"Y_PREVALENCE_1000PP":[0.08,0.06,0.07,0.07,0.07]},"CONDITIONS_BY_TYPE":{"CONCEPT_NAME":"Claim","COUNT_VALUE":98},"AGE_AT_FIRST_DIAGNOSIS":{"CATEGORY":["FEMALE","MALE"],"MIN_VALUE":[2,0],"P10_VALUE":[10,19],"P25_VALUE":[27,25],"MEDIAN_VALUE":[48,43],"P75_VALUE":[68,65],"P90_VALUE":[73,79],"MAX_VALUE":[98,86]}}
