{"PREVALENCE_BY_GENDER_AGE_YEAR":{"TRELLIS_NAME":["10-19","40-49","50-59"],"SERIES_NAME":["MALE","FEMALE","FEMALE"],"X_CALENDAR_YEAR":[2019,2019,2019],"Y_PREVALENCE_1000PP":[2.06233,1.14204,0.86919]},"PREVALENCE_BY_MONTH":{"X_CALENDAR_MONTH":[201901,201902,201903,201905,201907,201909,201911],"Y_PREVALENCE_1000PP":[0.08,0.06,0.06,0.06,0.07,0.08,0.06]},"CONDITIONS_BY_TYPE":{"CONCEPT_NAME":"Claim","COUNT_VALUE":119},"AGE_AT_FIRST_DIAGNOSIS":{"CATEGORY":["FEMALE","MALE"],"MIN_VALUE":[0,1],"P10_VALUE":[8,6],"P25_VALUE":[23,13],"MEDIAN_VALUE":[43,27],"P75_VALUE":[58,53],"P90_VALUE":[78,74],"MAX_VALUE":[92,97]}}
