{"PREVALENCE_BY_GENDER_AGE_YEAR":{"TRELLIS_NAME":["70-79","0-9","10-19","30-39","40-49","40-49","30-39","20-29","60-69","70-79","60-69","50-59"],"SERIES_NAME":["FEMALE","MALE","FEMALE","MALE","FEMALE","MALE","FEMALE","FEMALE","FEMALE","MALE","MALE","FEMALE"],"X_CALENDAR_YEAR":[2019,2019,2019,2019,2019,2019,2019,2019,2019,2019,2019,2019],"Y_PREVALENCE_1000PP":[1.11193,1.56041,1.31176,1.3557,0.99929,1.1701,0.97688,0.99917,1.14155,1.13917,1.92308,1.01405]},"PREVALENCE_BY_MONTH":{"X_CALENDAR_MONTH":[201901,201902,201903,201905,201906,201907,201908,201909,201910,201911],"Y_PREVALENCE_1000PP":[0.13,0.07,0.1,0.09,0.12,0.07,0.09,0.13,0.11,0.06]},"CONDITIONS_BY_TYPE":{"CONCEPT_NAME":"Claim","COUNT_VALUE":187},"AGE_AT_FIRST_DIAGNOSIS":{"CATEGORY":["FEMALE","MALE"],"MIN_VALUE":[0,0],"P10_VALUE":[12,7],"P25_VALUE":[26,29],"MEDIAN_VALUE":[42,46],"P75_VALUE":[62,64],"P90_VALUE":[75,75],"MAX_VALUE":[98,92]}}
