{"PREVALENCE_BY_GENDER_AGE_YEAR":{"TRELLIS_NAME":"40-49","SERIES_NAME":"MALE","X_CALENDAR_YEAR":2019,"Y_PREVALENCE_1000PP":1.02384},"PREVALENCE_BY_MONTH":{"X_CALENDAR_MONTH":[201902,201903,201904,201906,201907,201910,201911],"Y_PREVALENCE_1000PP":[0.06,0.06,0.09,0.08,0.07,0.07,0.06]},"CONDITIONS_BY_TYPE":{"CONCEPT_NAME":"Claim","COUNT_VALUE":118},"AGE_AT_FIRST_DIAGNOSIS":{"CATEGORY":["FEMALE","MALE"],"MIN_VALUE":[1,8],"P10_VALUE":[10,18],"P25_VALUE":[27,27],"MEDIAN_VALUE":[46,45],"P75_VALUE":[61,61],"P90_VALUE":[91,74],"MAX_VALUE":[99,95]}}
