{"PREVALENCE_BY_GENDER_AGE_YEAR":{"TRELLIS_NAME":["50-59","60-69","20-29","40-49","20-29","70-79","50-59","30-39"],"SERIES_NAME":["FEMALE","FEMALE","FEMALE","MALE","MALE","MALE","MALE","MALE"],"X_CALENDAR_YEAR":[2019,2019,2019,2019,2019,2019,2019,2019],"Y_PREVALENCE_1000PP":[0.86919,2.28311,1.1657,1.31637,1.01112,1.13917,1.17354,1.01678]},"PREVALENCE_BY_MONTH":{"X_CALENDAR_MONTH":[201901,201903,201904,201905,201907,201908,201910,201911,201912],"Y_PREVALENCE_1000PP":[0.11,0.14,0.09,0.08,0.11,0.08,0.09,0.1,0.07]},"CONDITIONS_BY_TYPE":{"CONCEPT_NAME":"Claim","COUNT_VALUE":165},"AGE_AT_FIRST_DIAGNOSIS":{"CATEGORY":["FEMALE","MALE"],"MIN_VALUE":[3,1],"P10_VALUE":[18,12],"P25_VALUE":[28,25],"MEDIAN_VALUE":[54,45],"P75_VALUE":[67,60],"P90_VALUE":[79,76],"MAX_VALUE":[98,98]}}
