{"PREVALENCE_BY_GENDER_AGE_YEAR":{"TRELLIS_NAME":["70-79","60-69","20-29","50-59","40-49","50-59"],"SERIES_NAME":["MALE","MALE","MALE","FEMALE","MALE","MALE"],"X_CALENDAR_YEAR":[2019,2019,2019,2019,2019,2019],"Y_PREVALENCE_1000PP":[1.70875,1.34615,1.17964,1.59351,1.75516,0.88015]},"PREVALENCE_BY_MONTH":{"X_CALENDAR_MONTH":[201901,201903,201904,201905,201907,201908,201909,201910,201911],"Y_PREVALENCE_1000PP":[0.1,0.12,0.09,0.09,0.07,0.11,0.08,0.11,0.06]},"CONDITIONS_BY_TYPE":{"CONCEPT_NAME":"Claim","COUNT_VALUE":162},"AGE_AT_FIRST_DIAGNOSIS":{"CATEGORY":["MALE","FEMALE"],"MIN_VALUE":[0,0],"P10_VALUE":[21,12],"P25_VALUE":[36,31],"MEDIAN_VALUE":[49,52],"P75_VALUE":[68,64],"P90_VALUE":[76,75],"MAX_VALUE":[93,98]}}
