{"PREVALENCE_BY_GENDER_AGE_YEAR":{"TRELLIS_NAME":["50-59","40-49","0-9","20-29","40-49","10-19","0-9","60-69"],"SERIES_NAME":["FEMALE","FEMALE","MALE","MALE","MALE","FEMALE","FEMALE","FEMALE"],"X_CALENDAR_YEAR":[2019,2019,2019,2019,2019,2019,2019,2019],"Y_PREVALENCE_1000PP":[1.15892,2.14133,1.33749,1.01112,1.46263,2.62352,1.2621,1.52207]},"PREVALENCE_BY_MONTH":{"X_CALENDAR_MONTH":[201901,201902,201903,201904,201905,201906,201907,201908,201910,201911,201912],"Y_PREVALENCE_1000PP":[0.14,0.1,0.15,0.1,0.06,0.06,0.07,0.09,0.08,0.07,0.15]},"CONDITIONS_BY_TYPE":{"CONCEPT_NAME":"Claim","COUNT_VALUE":191},"AGE_AT_FIRST_DIAGNOSIS":{"CATEGORY":["FEMALE","MALE"],"MIN_VALUE":[0,0],"P10_VALUE":[12,7],"P25_VALUE":[18,23],"MEDIAN_VALUE":[46,42],"P75_VALUE":[57,54],"P90_VALUE":[71,69],"MAX_VALUE":[92,95]}}
