{"PREVALENCE_BY_GENDER_AGE_YEAR":{"TRELLIS_NAME":["40-49","60-69","40-49","50-59","20-29","70-79","70-79","0-9","60-69","20-29","30-39"],"SERIES_NAME":["FEMALE","FEMALE","MALE","MALE","FEMALE","FEMALE","MALE","MALE","MALE","MALE","MALE"],"X_CALENDAR_YEAR":[2019,2019,2019,2019,2019,2019,2019,2019,2019,2019,2019],"Y_PREVALENCE_1000PP":[1.42755,1.71233,0.87758,0.88015,1.83181,1.48258,1.32903,1.33749,1.53846,1.17964,1.3557]},"PREVALENCE_BY_MONTH":{"X_CALENDAR_MONTH":[201901,201902,201903,201904,201905,201906,201907,201908,201909,201910,201911,201912],"Y_PREVALENCE_1000PP":[0.15,0.06,0.11,0.09,0.09,0.11,0.11,0.1,0.1,0.13,0.06,0.09]},"CONDITIONS_BY_TYPE":{"CONCEPT_NAME":"Claim","COUNT_VALUE":201},"AGE_AT_FIRST_DIAGNOSIS":{"CATEGORY":["MALE","FEMALE"],"MIN_VALUE":[0,2],"P10_VALUE":[9,13],"P25_VALUE":[29,25],"MEDIAN_VALUE":[48,48],"P75_VALUE":[68,68],"P90_VALUE":[77,79],"MAX_VALUE":[88,97]}}
