{"PREVALENCE_BY_GENDER_AGE_YEAR":{"TRELLIS_NAME":["30-39","20-29","70-79","50-59","50-59","70-79","20-29","40-49","60-69","30-39","0-9","40-49","10-19","0-9","60-69"],"SERIES_NAME":["FEMALE","MALE","MALE","FEMALE","MALE","FEMALE","FEMALE","FEMALE","FEMALE","MALE","FEMALE","MALE","FEMALE","MALE","MALE"],"X_CALENDAR_YEAR":[2019,2019,2019,2019,2019,2019,2019,2019,2019,2019,2019,2019,2019,2019,2019],"Y_PREVALENCE_1000PP":[2.93064,1.6852,1.70875,1.73837,2.64046,3.15048,2.66445,1.99857,2.66362,3.38926,3.57594,2.63273,1.96764,3.12082,2.11538]},"PREVALENCE_BY_MONTH":{"X_CALENDAR_MONTH":[201901,201902,201903,201904,201905,201906,201907,201908,201909,201910,201911,201912],"Y_PREVALENCE_1000PP":[0.19,0.18,0.14,0.14,0.14,0.23,0.3,0.16,0.19,0.22,0.28,0.2]},"CONDITIONS_BY_TYPE":{"CONCEPT_NAME":"Claim","COUNT_VALUE":380},"AGE_AT_FIRST_DIAGNOSIS":{"CATEGORY":["FEMALE","MALE"],"MIN_VALUE":[0,0],"P10_VALUE":[5,6],"P25_VALUE":[22,28],"MEDIAN_VALUE":[40,42],"P75_VALUE":[66,58],"P90_VALUE":[77,73],"MAX_VALUE":[95,99]}}
