{"PREVALENCE_BY_GENDER_AGE_YEAR":{"TRELLIS_NAME":["50-59","40-49","30-39","50-59"],"SERIES_NAME":["MALE","MALE","FEMALE","FEMALE"],"X_CALENDAR_YEAR":[2019,2019,2019,2019],"Y_PREVALENCE_1000PP":[1.17354,0.87758,0.97688,1.15892]},"PREVALENCE_BY_MONTH":{"X_CALENDAR_MONTH":[201904,201906,201907,201908,201910],"Y_PREVALENCE_1000PP":[0.09,0.06,0.08,0.07,0.07]},"CONDITIONS_BY_TYPE":{"CONCEPT_NAME":"Claim","COUNT_VALUE":114},"AGE_AT_FIRST_DIAGNOSIS":{"CATEGORY":["MALE","FEMALE"],"MIN_VALUE":[0,4],"P10_VALUE":[8,17],"P25_VALUE":[27,30],"MEDIAN_VALUE":[46,46],"P75_VALUE":[58,58],"P90_VALUE":[72,69],"MAX_VALUE":[94,97]}}
