{"PREVALENCE_BY_GENDER_AGE_YEAR":{"TRELLIS_NAME":["50-59","10-19","60-69","40-49","50-59","20-29","0-9","70-79","30-39","20-29","30-39","40-49"],"SERIES_NAME":["FEMALE","MALE","FEMALE","MALE","MALE","MALE","FEMALE","FEMALE","MALE","FEMALE","FEMALE","FEMALE"],"X_CALENDAR_YEAR":[2019,2019,2019,2019,2019,2019,2019,2019,2019,2019,2019,2019],"Y_PREVALENCE_1000PP":[1.59351,1.60403,1.52207,1.31637,1.32023,1.6852,1.89314,1.6679,1.52517,2.16486,2.11657,1.85582]},"PREVALENCE_BY_MONTH":{"X_CALENDAR_MONTH":[201901,201902,201903,201904,201905,201906,201907,201908,201909,201910,201911,201912],"Y_PREVALENCE_1000PP":[0.11,0.08,0.11,0.12,0.16,0.11,0.14,0.16,0.09,0.14,0.14,0.14]},"CONDITIONS_BY_TYPE":{"CONCEPT_NAME":"Claim","COUNT_VALUE":263},"AGE_AT_FIRST_DIAGNOSIS":{"CATEGORY":["MALE","FEMALE"],"MIN_VALUE":[7,0],"P10_VALUE":[11,8],"P25_VALUE":[22,24],"MEDIAN_VALUE":[41,42],"P75_VALUE":[57,61],"P90_VALUE":[71,75],"MAX_VALUE":[89,91]}}
