{"PREVALENCE_BY_GENDER_AGE_YEAR":{"TRELLIS_NAME":["40-49","70-79","10-19","50-59","40-49"],"SERIES_NAME":["MALE","FEMALE","MALE","FEMALE","FEMALE"],"X_CALENDAR_YEAR":[2019,2019,2019,2019,2019],"Y_PREVALENCE_1000PP":[1.1701,1.11193,1.60403,1.01405,0.99929]},"PREVALENCE_BY_MONTH":{"X_CALENDAR_MONTH":[201901,201903,201904,201905,201907,201909,201910],"Y_PREVALENCE_1000PP":[0.13,0.06,0.07,0.08,0.11,0.1,0.09]},"CONDITIONS_BY_TYPE":{"CONCEPT_NAME":"Claim","COUNT_VALUE":158},"AGE_AT_FIRST_DIAGNOSIS":{"CATEGORY":["FEMALE","MALE"],"MIN_VALUE":[0,2],"P10_VALUE":[9,16],"P25_VALUE":[20,24],"MEDIAN_VALUE":[48,43],"P75_VALUE":[62,62],"P90_VALUE":[78,73],"MAX_VALUE":[98,96]}}
