{"PREVALENCE_BY_GENDER_AGE_YEAR":{"TRELLIS_NAME":["60-69","60-69"],"SERIES_NAME":["FEMALE","MALE"],"X_CALENDAR_YEAR":[2019,2019],"Y_PREVALENCE_1000PP":[1.33181,1.15385]},"PREVALENCE_BY_MONTH":{"X_CALENDAR_MONTH":[201903,201906,201910],"Y_PREVALENCE_1000PP":[0.06,0.07,0.14]},"CONDITIONS_BY_TYPE":{"CONCEPT_NAME":"Claim","COUNT_VALUE":99},"AGE_AT_FIRST_DIAGNOSIS":{"CATEGORY":["MALE","FEMALE"],"MIN_VALUE":[3,1],"P10_VALUE":[8,11],"P25_VALUE":[22,26],"MEDIAN_VALUE":[46,57],"P75_VALUE":[63,67],"P90_VALUE":[70,82],"MAX_VALUE":[93,87]}}
