{"PREVALENCE_BY_GENDER_AGE_YEAR":{"TRELLIS_NAME":["0-9","50-59","50-59","60-69","40-49","60-69","20-29","70-79","30-39","40-49","20-29","30-39","0-9","10-19","70-79"],"SERIES_NAME":["MALE","MALE","FEMALE","MALE","MALE","FEMALE","FEMALE","MALE","FEMALE","FEMALE","MALE","MALE","FEMALE","MALE","FEMALE"],"X_CALENDAR_YEAR":[2019,2019,2019,2019,2019,2019,2019,2019,2019,2019,2019,2019,2019,2019,2019],"Y_PREVALENCE_1000PP":[2.67499,2.49377,2.0281,3.26923,2.19394,1.90259,3.33056,2.27834,2.11657,1.99857,1.85372,1.69463,3.57594,2.06233,1.48258]},"PREVALENCE_BY_MONTH":{"X_CALENDAR_MONTH":[201901,201902,201903,201904,201905,201906,201907,201908,201909,201910,201911,201912],"Y_PREVALENCE_1000PP":[0.23,0.18,0.22,0.17,0.12,0.19,0.16,0.17,0.16,0.22,0.19,0.2]},"CONDITIONS_BY_TYPE":{"CONCEPT_NAME":"Claim","COUNT_VALUE":379},"AGE_AT_FIRST_DIAGNOSIS":{"CATEGORY":["FEMALE","MALE","No matching concept"],"MIN_VALUE":[0,0,6],"P10_VALUE":[5,7,6],"P25_VALUE":[23,26,20],"MEDIAN_VALUE":[39,47,38],"P75_VALUE":[59,63,47],"P90_VALUE":[76,75,98],"MAX_VALUE":[98,90,98]}}
