{"PREVALENCE_BY_GENDER_AGE_YEAR":{"TRELLIS_NAME":["40-49","10-19","50-59","70-79","0-9","20-29"],"SERIES_NAME":["MALE","MALE","MALE","FEMALE","FEMALE","FEMALE"],"X_CALENDAR_YEAR":[2019,2019,2019,2019,2019,2019],"Y_PREVALENCE_1000PP":[1.02384,1.37489,1.02684,1.11193,1.2621,1.66528]},"PREVALENCE_BY_MONTH":{"X_CALENDAR_MONTH":[201901,201902,201903,201904,201905,201908,201910,201912],"Y_PREVALENCE_1000PP":[0.06,0.15,0.07,0.11,0.06,0.06,0.06,0.06]},"CONDITIONS_BY_TYPE":{"CONCEPT_NAME":"Claim","COUNT_VALUE":127},"AGE_AT_FIRST_DIAGNOSIS":{"CATEGORY":["FEMALE","MALE"],"MIN_VALUE":[1,2],"P10_VALUE":[3,13],"P25_VALUE":[21,23],"MEDIAN_VALUE":[36,48],"P75_VALUE":[66,65],"P90_VALUE":[78,77],"MAX_VALUE":[89,94]}}
