{"PREVALENCE_BY_GENDER_AGE_YEAR":{"TRELLIS_NAME":["10-19","20-29","40-49","40-49","30-39","0-9","70-79","10-19","60-69","20-29","50-59","30-39","50-59","0-9","60-69","70-79"],"SERIES_NAME":["MALE","MALE","FEMALE","MALE","FEMALE","FEMALE","FEMALE","FEMALE","MALE","FEMALE","MALE","MALE","FEMALE","MALE","FEMALE","MALE"],"X_CALENDAR_YEAR":[2019,2019,2019,2019,2019,2019,2019,2019,2019,2019,2019,2019,2019,2019,2019,2019],"Y_PREVALENCE_1000PP":[4.12466,2.69633,2.71235,0.87758,3.09345,2.10349,3.52113,1.53039,2.5,1.49875,2.20038,2.20302,2.17297,2.67499,2.47336,3.03778]},"PREVALENCE_BY_MONTH":{"X_CALENDAR_MONTH":[201901,201902,201903,201904,201905,201906,201907,201908,201909,201910,201911,201912],"Y_PREVALENCE_1000PP":[0.18,0.14,0.22,0.15,0.22,0.2,0.14,0.2,0.23,0.28,0.22,0.18]},"CONDITIONS_BY_TYPE":{"CONCEPT_NAME":"Claim","COUNT_VALUE":410},"AGE_AT_FIRST_DIAGNOSIS":{"CATEGORY":["No matching concept","MALE","FEMALE"],"MIN_VALUE":[5,0,0],"P10_VALUE":[5,9,11],"P25_VALUE":[50,19,32],"MEDIAN_VALUE":[51,37,47],"P75_VALUE":[67,64,67],"P90_VALUE":[91,74,78],"MAX_VALUE":[91,96,98]}}
