{"PREVALENCE_BY_GENDER_AGE_YEAR":{"TRELLIS_NAME":["60-69","20-29","20-29","50-59"],"SERIES_NAME":["FEMALE","FEMALE","MALE","MALE"],"X_CALENDAR_YEAR":[2019,2019,2019,2019],"Y_PREVALENCE_1000PP":[1.33181,0.99917,1.6852,0.88015]},"PREVALENCE_BY_MONTH":{"X_CALENDAR_MONTH":[201904,201906,201907,201910],"Y_PREVALENCE_1000PP":[0.08,0.07,0.08,0.08]},"CONDITIONS_BY_TYPE":{"CONCEPT_NAME":"Claim","COUNT_VALUE":119},"AGE_AT_FIRST_DIAGNOSIS":{"CATEGORY":["FEMALE","MALE"],"MIN_VALUE":[5,10],"P10_VALUE":[11,19],"P25_VALUE":[23,24],"MEDIAN_VALUE":[39,38],"P75_VALUE":[64,57],"P90_VALUE":[73,70],"MAX_VALUE":[78,82]}}
